{
  "uuid": "7f756a72-02e8-30ba-99e0-04ac568e85db",
  "starterPrompted": true,
  "starterLocked": false,
  "starterSelected": true,
  "starterUUID": "f2392a90-014c-4cca-825d-8a9f72d92043",
  "keyItems": [],
  "battleTheme": "cobblemon:battle.pvp.default",
  "extraData": {},
  "advancementData": {
    "totalCaptureCount": 2,
    "totalEggsCollected": 0,
    "totalEggsHatched": 0,
    "totalEvolvedCount": 0,
    "totalBattleVictoryCount": 2,
    "totalPvPBattleVictoryCount": 0,
    "totalPvWBattleVictoryCount": 2,
    "totalPvNBattleVictoryCount": 0,
    "totalShinyCaptureCount": 0,
    "totalTradedCount": 0,
    "totalTypeCaptureCounts": {
      "electric": 1,
      "poison": 1,
      "water": 1
    },
    "totalDefeatedCounts": {},
    "aspectsCollected": {
      "cobblemon:toxel": [
        "male"
      ],
      "cobblemon:buizel": [
        "male"
      ]
    }
  }
}