{
  "uuid": "698d2e00-9010-33cf-9c28-4acc124135ad",
  "starterPrompted": true,
  "starterLocked": false,
  "starterSelected": true,
  "starterUUID": "b5e7fc5d-a4f4-485c-9116-3c0c0c80c12c",
  "keyItems": [],
  "battleTheme": "cobblemon:battle.pvp.default",
  "extraData": {},
  "advancementData": {
    "totalCaptureCount": 2,
    "totalEggsCollected": 0,
    "totalEggsHatched": 0,
    "totalEvolvedCount": 0,
    "totalBattleVictoryCount": 1,
    "totalPvPBattleVictoryCount": 0,
    "totalPvWBattleVictoryCount": 1,
    "totalPvNBattleVictoryCount": 0,
    "totalShinyCaptureCount": 0,
    "totalTradedCount": 0,
    "totalTypeCaptureCounts": {
      "grass": 2
    },
    "totalDefeatedCounts": {
      "cobblemon:minereon": 1
    },
    "aspectsCollected": {
      "cobblemon:grookey": [
        "male"
      ]
    }
  }
}