{"stats":{"minecraft:killed":{"minecraft:skeleton":1,"minecraft:zombie":2},"minecraft:custom":{"lootr:looted_stat":3,"minecraft:interact_with_furnace":5,"minecraft:mob_kills":5,"minecraft:play_record":2,"minecraft:interact_with_crafting_table":8,"minecraft:leave_game":3,"minecraft:time_since_death":27549,"minecraft:sleep_in_bed":2,"minecraft:time_since_rest":11055,"minecraft:waystone_activated":2,"minecraft:sprint_one_cm":119600,"minecraft:damage_taken":2204,"minecraft:walk_one_cm":171917,"minecraft:drop":3,"minecraft:damage_dealt":1419,"minecraft:fly_one_cm":241231,"minecraft:open_chest":12,"minecraft:walk_under_water_one_cm":145,"minecraft:crouch_one_cm":407,"minecraft:play_time":133818,"minecraft:deaths":7,"minecraft:sneak_time":1138,"minecraft:jump":455,"minecraft:walk_on_water_one_cm":1160,"minecraft:total_world_time":133818,"minecraft:fall_one_cm":13072},"minecraft:mined":{"minecraft:red_bed":1,"minecraft:dark_oak_log":172,"cobblemon:apricorn_log":5,"cobblemon:apricorn_leaves":2,"minecraft:short_grass":19,"minecraft:grass_block":6,"minecraft:decorated_pot":1,"minecraft:cobblestone":2,"minecraft:spruce_leaves":3,"minecraft:large_fern":2,"minecraft:furnace":1,"minecraft:wheat":1,"minecraft:sweet_berry_bush":8,"minecraft:jukebox":1,"minecraft:spruce_log":62,"minecraft:andesite":1,"minecraft:stone_brick_stairs":3,"minecraft:azure_bluet":1,"minecraft:potted_cherry_sapling":1,"minecraft:oak_log":6,"minecraft:coal_ore":5,"minecraft:lantern":1,"minecraft:sand":23,"minecraft:dirt":13,"minecraft:stone":49,"minecraft:stone_bricks":4,"minecraft:fern":1},"minecraft:killed_by":{"minecraft:skeleton":4,"minecraft:spider":2},"minecraft:dropped":{"cobblenav:pokenav_item_red":1,"minecraft:stone_bricks":3,"minecraft:egg":1},"minecraft:picked_up":{"minecraft:wheat":1,"minecraft:azure_bluet":1,"cobblemon:great_ball":2,"minecraft:flower_pot":5,"minecraft:andesite":1,"minecraft:fern":4,"minecraft:tuff":8,"minecraft:stone_brick_stairs":5,"minecraft:oak_log":6,"minecraft:brick":4,"minecraft:cobblestone_wall":2,"minecraft:gunpowder":1,"minecraft:string":1,"minecraft:dirt":83,"minecraft:red_bed":1,"minecraft:lantern":5,"minecraft:flint_and_steel":1,"minecraft:bone":5,"cobblenav:pokenav_item_purple":1,"minecraft:apple":1,"minecraft:stone_bricks":4,"minecraft:sea_pickle":2,"minecraft:wheat_seeds":3,"minecraft:spruce_planks":2,"minecraft:music_disc_otherside":2,"minecraft:spruce_slab":4,"minecraft:spruce_trapdoor":16,"minecraft:dark_oak_stairs":8,"minecraft:furnace":1,"minecraft:egg":1,"minecraft:dark_oak_sapling":5,"minecraft:stick":18,"cobblemon:apricorn_log":5,"minecraft:jukebox":2,"minecraft:sweet_berries":19,"cobblemon:blue_apricorn_seed":1,"minecraft:stone_brick_slab":4,"betterarcheology:bomb":20,"minecraft:oak_pressure_plate":2,"minecraft:spruce_stairs":6,"minecraft:sand":13,"minecraft:amethyst_shard":10,"minecraft:spruce_sapling":12,"minecraft:stripped_spruce_log":4,"sophisticatedbackpacks:iron_backpack":1,"minecraft:spruce_log":60,"minecraft:redstone":2,"minecraft:dark_oak_log":158,"minecraft:spruce_door":2,"minecraft:barrel":14,"minecraft:purple_bed":1,"minecraft:arrow":2,"paladins:paladin_armor_feet":1,"minecraft:rotten_flesh":2,"cobblenav:pokenav_item_red":1,"minecraft:lever":2,"minecraft:cherry_sapling":1,"minecraft:white_concrete":14,"minecraft:spruce_sign":4,"minecraft:brown_banner":2,"minecraft:netherrack":2,"minecraft:stripped_dark_oak_log":21,"cobblemon:blue_apricorn":8,"minecraft:coal":4,"minecraft:cobblestone":55},"minecraft:crafted":{"minecraft:oak_planks":64,"minecraft:crafting_table":1,"minecraft:furnace":1,"minecraft:bone_meal":6,"minecraft:bucket":1,"minecraft:iron_hoe":1,"minecraft:stick":8,"minecraft:iron_ingot":26,"minecraft:chest":2,"minecraft:dark_oak_planks":4},"minecraft:used":{"minecraft:wheat_seeds":3,"minecraft:water_bucket":1,"sophisticatedbackpacks:iron_backpack":1,"minecraft:iron_shovel":23,"farmersdelight:skillet":1,"minecraft:flint_and_steel":45,"minecraft:oak_planks":1,"minecraft:chest":2,"farmersdelight:stove":2,"minecraft:rotten_flesh":1,"minecraft:torch":7,"minecraft:dirt":17,"minecraft:crafting_table":1,"minecraft:red_bed":1,"minecraft:carrot":8,"minecraft:azure_bluet":1,"minecraft:iron_hoe":102,"waystones:waystone":2,"minecraft:iron_axe":263,"minecraft:lantern":14,"minecraft:grass_block":39,"paladins:iron_claymore":22,"minecraft:iron_pickaxe":84,"minecraft:iron_helmet":1,"minecraft:iron_boots":1,"minecraft:stone_bricks":1,"farmersdelight:cutting_board":1,"minecraft:cobblestone":9,"minecraft:purple_bed":1,"minecraft:sweet_berries":16,"minecraft:furnace":1,"farmersdelight:cooking_pot":1,"minecraft:bucket":1,"minecraft:andesite":1,"minecraft:egg":77,"minecraft:bone_meal":6,"cobblemon:blue_apricorn_seed":1,"minecraft:jukebox":2}},"DataVersion":3955}