{"stats":{"minecraft:killed":{"cobblemon:pokemon":5,"minecraft:zombie":4},"minecraft:custom":{"minecraft:mob_kills":9,"minecraft:interact_with_crafting_table":8,"minecraft:leave_game":1,"minecraft:time_since_death":10961,"minecraft:sleep_in_bed":1,"minecraft:climb_one_cm":1029,"minecraft:time_since_rest":10997,"minecraft:waystone_activated":3,"minecraft:sprint_one_cm":219116,"minecraft:damage_taken":3464,"minecraft:walk_one_cm":226023,"minecraft:drop":1,"minecraft:damage_dealt":1831,"minecraft:swim_one_cm":5475,"minecraft:fly_one_cm":443216,"minecraft:crouch_one_cm":2997,"minecraft:play_time":157508,"minecraft:deaths":6,"minecraft:sneak_time":1698,"minecraft:walk_under_water_one_cm":4737,"minecraft:jump":1122,"minecraft:walk_on_water_one_cm":8777,"minecraft:total_world_time":157508,"minecraft:fall_one_cm":36115},"minecraft:mined":{"minecraft:tuff":3,"minecraft:spruce_planks":3,"minecraft:dandelion":1,"cobblemon:apricorn_log":24,"cobblemon:apricorn_leaves":2,"cobblemon:maranga_berry":1,"minecraft:crafting_table":1,"minecraft:short_grass":1,"minecraft:acacia_log":29,"minecraft:grass_block":3,"cobblemon:stripped_apricorn_log":1,"minecraft:spruce_leaves":6,"minecraft:large_fern":3,"minecraft:raw_iron_block":1,"cobblemon:tamato_berry":1,"minecraft:iron_ore":10,"minecraft:sweet_berry_bush":1,"minecraft:spruce_log":82,"cobblemon:medicinal_leek":15,"cobblemon:hondew_berry":1,"minecraft:oak_log":5,"minecraft:dirt":1,"minecraft:stone":10},"minecraft:killed_by":{"minecraft:skeleton":5},"minecraft:dropped":{"universal_graves:grave_compass":1},"minecraft:picked_up":{"minecraft:charcoal":2,"cobblemon:green_mint_leaf":3,"minecraft:wheat":1,"farmersdelight:kelp_roll":1,"minecraft:glow_ink_sac":16,"minecraft:andesite":3,"cobblemon:yellow_apricorn":5,"minecraft:fern":2,"minecraft:leather":32,"minecraft:golden_leggings":1,"cobblemon:red_apricorn":7,"minecraft:potato":2,"minecraft:tuff":3,"cobblemon:tamato_berry":3,"minecraft:oak_log":10,"minecraft:chain":4,"minecraft:golden_boots":1,"minecraft:golden_sword":1,"minecraft:acacia_boat":1,"minecraft:mangrove_slab":4,"minecraft:dirt":14,"minecraft:string":32,"minecraft:red_bed":1,"minecraft:lantern":2,"cobblemon:white_mint_leaf":3,"cobblemon:white_apricorn":6,"minecraft:acacia_planks":95,"minecraft:stone_bricks":14,"minecraft:wheat_seeds":2,"cobblemon:green_apricorn":13,"minecraft:spruce_planks":7,"cobblemon:pink_mint_seeds":1,"minecraft:stone_pickaxe":1,"minecraft:rose_bush":6,"cobblemon:hondew_berry":2,"minecraft:spruce_slab":6,"minecraft:moss_block":2,"minecraft:chest":1,"minecraft:acacia_sapling":9,"minecraft:spruce_trapdoor":6,"minecraft:dark_oak_stairs":4,"minecraft:egg":4,"cobblemon:stripped_apricorn_log":1,"cobblemon:red_apricorn_seed":1,"minecraft:stick":25,"minecraft:raw_iron":9,"cobblemon:apricorn_log":24,"minecraft:dark_oak_slab":1,"minecraft:sweet_berries":3,"minecraft:dandelion":1,"minecraft:acacia_log":28,"minecraft:raw_iron_block":1,"minecraft:spruce_stairs":16,"cobblemon:yellow_apricorn_seed":2,"cobblemon:white_mint_seeds":1,"minecraft:stripped_spruce_log":8,"minecraft:spruce_sapling":36,"minecraft:spruce_log":86,"minecraft:grass_block":1,"minecraft:mangrove_trapdoor":6,"minecraft:pink_terracotta":10,"cobblemon:maranga_berry":1,"minecraft:spruce_fence_gate":2,"minecraft:rotten_flesh":1,"minecraft:mangrove_stairs":20,"cobblenav:pokenav_item_black":1,"minecraft:stone_axe":1,"mega_showdown:ash_cap":1,"minecraft:bread":192,"minecraft:white_terracotta":12,"cobblemon:green_mint_seeds":1,"cobblemon:medicinal_leek":61,"minecraft:oak_sapling":1,"minecraft:dark_oak_fence":2,"minecraft:stripped_dark_oak_log":8,"minecraft:cobblestone":10},"minecraft:crafted":{"minecraft:oak_planks":40,"sophisticatedbackpacks:backpack":1,"minecraft:crafting_table":2,"minecraft:spruce_planks":264,"minecraft:acacia_boat":1,"minecraft:stick":4,"minecraft:chest":2,"minecraft:acacia_planks":112},"minecraft:used":{"minecraft:stone_pickaxe":25,"minecraft:spruce_planks":72,"minecraft:stone":55,"minecraft:torch":3,"minecraft:dirt":99,"minecraft:tnt":11,"minecraft:crafting_table":2,"minecraft:red_bed":2,"minecraft:spruce_log":5,"minecraft:grass_block":182,"minecraft:bread":42,"minecraft:smooth_sandstone":5,"minecraft:stone_bricks":8,"cobblemon:pc":1,"minecraft:stone_axe":183,"minecraft:golden_sword":15,"minecraft:cobblestone":7,"minecraft:andesite":3,"minecraft:egg":4}},"DataVersion":3955}