{"stats":{"minecraft:mined":{"minecraft:tuff":3,"minecraft:spruce_planks":10,"minecraft:dandelion":1,"cobblemon:apricorn_log":24,"minecraft:crafting_table":1,"cobblemon:maranga_berry":1,"cobblemon:apricorn_leaves":2,"minecraft:blast_furnace":2,"minecraft:short_grass":2,"minecraft:acacia_log":29,"minecraft:grass_block":3,"minecraft:decorated_pot":2,"cobblemon:stripped_apricorn_log":1,"minecraft:spruce_leaves":6,"minecraft:damaged_anvil":1,"cobblemon:oran_berry":1,"minecraft:large_fern":3,"minecraft:raw_iron_block":1,"cobblemon:tamato_berry":1,"minecraft:iron_ore":16,"minecraft:sweet_berry_bush":1,"minecraft:spruce_log":82,"cobblemon:medicinal_leek":15,"cobblemon:hondew_berry":1,"minecraft:coal_ore":5,"minecraft:oak_log":5,"minecraft:dirt":1,"minecraft:stone":14,"minecraft:oak_leaves":1},"minecraft:dropped":{"universal_graves:grave_compass":3},"minecraft:crafted":{"minecraft:raw_iron":9,"minecraft:oak_planks":40,"sophisticatedbackpacks:backpack":1,"minecraft:crafting_table":3,"minecraft:spruce_planks":264,"minecraft:acacia_boat":1,"minecraft:stick":4,"minecraft:wooden_axe":1,"minecraft:chest":2,"minecraft:acacia_planks":112},"minecraft:broken":{"minecraft:stone_axe":1},"minecraft:picked_up":{"cobblemon:green_mint_leaf":3,"minecraft:charcoal":2,"minecraft:wheat":1,"farmersdelight:kelp_roll":1,"minecraft:glow_ink_sac":16,"minecraft:andesite":3,"cobblemon:yellow_apricorn":5,"minecraft:fern":2,"minecraft:leather":32,"minecraft:golden_leggings":1,"cobblemon:red_apricorn":7,"minecraft:potato":2,"minecraft:brick":8,"minecraft:tuff":3,"minecraft:chain":4,"minecraft:oak_log":10,"cobblemon:tamato_berry":3,"minecraft:golden_boots":1,"minecraft:golden_sword":1,"minecraft:acacia_boat":1,"minecraft:red_bed":1,"minecraft:string":32,"minecraft:dirt":15,"minecraft:mangrove_slab":4,"minecraft:lantern":2,"cobblemon:white_mint_leaf":3,"cobblemon:white_apricorn":6,"minecraft:acacia_planks":95,"minecraft:stone_bricks":14,"minecraft:wheat_seeds":2,"cobblemon:green_apricorn":13,"minecraft:spruce_planks":14,"cobblemon:pink_mint_seeds":1,"minecraft:stone_pickaxe":1,"minecraft:rose_bush":6,"cobblemon:hondew_berry":2,"minecraft:spruce_slab":6,"minecraft:moss_block":2,"minecraft:chest":1,"minecraft:acacia_sapling":9,"minecraft:spruce_trapdoor":6,"minecraft:dark_oak_stairs":4,"minecraft:egg":4,"cobblemon:stripped_apricorn_log":1,"cobblemon:red_apricorn_seed":1,"minecraft:stick":25,"minecraft:raw_iron":16,"minecraft:dark_oak_slab":1,"cobblemon:apricorn_log":24,"minecraft:sweet_berries":3,"minecraft:acacia_log":28,"minecraft:dandelion":1,"minecraft:spruce_stairs":16,"minecraft:raw_iron_block":1,"cobblemon:yellow_apricorn_seed":2,"cobblemon:white_mint_seeds":1,"minecraft:stripped_spruce_log":8,"minecraft:spruce_sapling":36,"minecraft:blast_furnace":2,"minecraft:grass_block":1,"minecraft:spruce_log":86,"minecraft:mangrove_trapdoor":6,"minecraft:pink_terracotta":10,"cobblemon:healing_machine":1,"cobblemon:maranga_berry":1,"minecraft:spruce_fence_gate":2,"minecraft:rotten_flesh":1,"minecraft:mangrove_stairs":20,"cobblenav:pokenav_item_black":1,"minecraft:stone_axe":1,"minecraft:bread":192,"mega_showdown:ash_cap":1,"minecraft:white_terracotta":12,"cobblemon:green_mint_seeds":1,"cobblemon:medicinal_leek":61,"minecraft:oak_sapling":1,"minecraft:damaged_anvil":1,"minecraft:dark_oak_fence":2,"minecraft:stripped_dark_oak_log":8,"minecraft:coal":5,"minecraft:cobblestone":14},"minecraft:killed":{"cobblemon:pokemon":5,"minecraft:zombie":5},"minecraft:custom":{"lootr:looted_stat":26,"minecraft:mob_kills":10,"minecraft:interact_with_crafting_table":9,"minecraft:open_barrel":2,"minecraft:eat_cake_slice":1,"minecraft:leave_game":1,"minecraft:time_since_death":2258,"minecraft:sleep_in_bed":1,"minecraft:climb_one_cm":3385,"minecraft:time_since_rest":2292,"minecraft:waystone_activated":4,"minecraft:sprint_one_cm":301991,"minecraft:damage_taken":4902,"minecraft:walk_one_cm":272683,"minecraft:drop":3,"minecraft:damage_dealt":2151,"minecraft:swim_one_cm":7083,"minecraft:fly_one_cm":577657,"minecraft:open_chest":8,"minecraft:crouch_one_cm":3163,"minecraft:play_time":180223,"minecraft:deaths":11,"minecraft:sneak_time":1825,"minecraft:walk_under_water_one_cm":4913,"minecraft:jump":1657,"minecraft:interact_with_brewingstand":1,"minecraft:walk_on_water_one_cm":9996,"minecraft:total_world_time":180223,"minecraft:fall_one_cm":62894},"minecraft:killed_by":{"minecraft:skeleton":6,"minecraft:spider":2},"minecraft:used":{"minecraft:stone_pickaxe":46,"minecraft:spruce_planks":111,"minecraft:stone":55,"minecraft:torch":3,"minecraft:dirt":99,"minecraft:tnt":11,"minecraft:crafting_table":3,"minecraft:red_bed":2,"minecraft:spruce_log":5,"minecraft:grass_block":182,"minecraft:bread":49,"minecraft:smooth_sandstone":5,"minecraft:stone_bricks":8,"cobblemon:pc":1,"minecraft:stone_axe":185,"minecraft:golden_sword":23,"minecraft:cobblestone":7,"minecraft:andesite":3,"minecraft:egg":4,"minecraft:air":2}},"DataVersion":3955}