{"stats":{"minecraft:killed":{"minecraft:spider":1,"minecraft:creeper":1,"minecraft:zombie":1},"minecraft:custom":{"minecraft:interact_with_anvil":2,"minecraft:mob_kills":3,"minecraft:interact_with_crafting_table":1,"minecraft:time_since_death":19723,"minecraft:sleep_in_bed":1,"minecraft:pictures_taken":3,"minecraft:climb_one_cm":183,"minecraft:time_since_rest":9823,"minecraft:sprint_one_cm":92627,"minecraft:damage_taken":609,"minecraft:walk_one_cm":186677,"minecraft:drop":3,"minecraft:damage_dealt":619,"minecraft:swim_one_cm":17484,"minecraft:fly_one_cm":1261161,"minecraft:open_chest":12,"minecraft:crouch_one_cm":66787,"minecraft:play_time":167039,"minecraft:deaths":2,"minecraft:sneak_time":20521,"minecraft:walk_under_water_one_cm":18743,"minecraft:jump":723,"minecraft:walk_on_water_one_cm":3002,"minecraft:total_world_time":167039,"minecraft:fall_one_cm":8206},"minecraft:mined":{"minecraft:dandelion":8,"minecraft:cornflower":1,"minecraft:short_grass":43,"minecraft:poppy":1,"minecraft:spruce_leaves":6,"minecraft:oxeye_daisy":1,"minecraft:large_fern":3,"minecraft:spruce_log":32,"minecraft:azure_bluet":1,"minecraft:dirt":33,"minecraft:fern":8},"minecraft:dropped":{"camerapture:picture":2,"minecraft:chainmail_boots":1},"minecraft:picked_up":{"minecraft:charcoal":38,"minecraft:black_carpet":9,"minecraft:azure_bluet":5,"minecraft:dark_oak_button":3,"minecraft:flower_pot":3,"minecraft:iron_door":1,"minecraft:leather_leggings":1,"minecraft:orange_carpet":1,"minecraft:birch_planks":4,"minecraft:gunpowder":1,"minecraft:mangrove_slab":13,"minecraft:cornflower":1,"minecraft:dirt":118,"minecraft:lantern":16,"minecraft:mangrove_fence":9,"minecraft:sea_pickle":7,"cobblenav:pokenav_item_green":1,"minecraft:wheat_seeds":6,"minecraft:dark_oak_sign":4,"minecraft:rose_bush":1,"minecraft:poppy":1,"cobblemon:pep_up_flower":1,"minecraft:birch_sapling":1,"minecraft:dark_oak_stairs":2,"minecraft:stick":7,"minecraft:diorite_wall":1,"minecraft:sweet_berries":20,"minecraft:big_dripleaf":1,"betterarcheology:bomb":11,"minecraft:dandelion":7,"minecraft:spruce_sapling":16,"minecraft:mangrove_sign":2,"minecraft:spruce_log":32,"minecraft:mangrove_trapdoor":2,"minecraft:spider_eye":1,"minecraft:mangrove_stairs":2,"minecraft:pink_tulip":3,"minecraft:bread":1,"minecraft:mangrove_door":1,"minecraft:spruce_hanging_sign":1,"minecraft:oxeye_daisy":1},"minecraft:crafted":{"minecraft:oak_planks":8,"sophisticatedbackpacks:gold_backpack":1,"sophisticatedbackpacks:diamond_backpack":1,"minecraft:stick":4,"minecraft:torch":16,"sophisticatedbackpacks:iron_backpack":1},"minecraft:used":{"minecraft:enchanting_table":1,"minecraft:spruce_door":3,"minecraft:chest":6,"minecraft:stone":63,"minecraft:diamond_axe":48,"minecraft:torch":30,"minecraft:dirt":868,"minecraft:anvil":1,"minecraft:crafting_table":1,"minecraft:white_bed":1,"minecraft:glass":118,"minecraft:grass_block":332,"minecraft:stripped_oak_wood":1,"minecraft:cooked_beef":2}},"DataVersion":3955}