{"stats":{"minecraft:mined":{"minecraft:crafting_table":2,"minecraft:torch":1,"minecraft:short_grass":4,"minecraft:grass_block":1,"minecraft:cobblestone":3,"minecraft:spruce_leaves":2,"minecraft:wall_torch":1,"minecraft:skeleton_skull":2,"betterarcheology:fossiliferous_dirt":4,"minecraft:furnace":1,"minecraft:iron_ore":3,"minecraft:sweet_berry_bush":7,"minecraft:spruce_log":12,"minecraft:jukebox":1,"minecraft:gold_block":1,"minecraft:coal_ore":23,"minecraft:oak_log":15,"minecraft:dirt":4,"minecraft:stone":33},"minecraft:dropped":{"minecraft:stone_axe":1,"minecraft:music_disc_otherside":1,"minecraft:jukebox":1,"universal_graves:grave_compass":1,"minecraft:wooden_pickaxe":1,"minecraft:spruce_sapling":3},"minecraft:crafted":{"minecraft:cooked_porkchop":6,"minecraft:crafting_table":2,"minecraft:spruce_planks":28,"minecraft:wooden_pickaxe":1,"minecraft:iron_helmet":1,"minecraft:furnace":1,"minecraft:stone_axe":1,"minecraft:cooked_mutton":2,"minecraft:air":0,"minecraft:iron_boots":1,"minecraft:iron_chestplate":1,"minecraft:stick":8,"minecraft:stone_pickaxe":1,"minecraft:chest":1,"minecraft:iron_leggings":1,"minecraft:spruce_boat":1,"minecraft:torch":12},"minecraft:picked_up":{"minecraft:crafting_table":2,"cobblemon:great_ball":1,"cobblenav:pokenav_item_gray":1,"minecraft:gold_block":1,"minecraft:birch_planks":2,"minecraft:oak_log":15,"minecraft:dirt":5,"minecraft:bone":4,"minecraft:wheat_seeds":1,"minecraft:music_disc_otherside":1,"minecraft:iron_ingot":48,"minecraft:furnace":1,"minecraft:raw_iron":3,"minecraft:stick":3,"minecraft:jukebox":1,"minecraft:sweet_berries":8,"minecraft:torch":3,"minecraft:porkchop":6,"minecraft:spruce_sapling":3,"sophisticatedbackpacks:iron_backpack":1,"minecraft:spruce_log":12,"minecraft:spruce_boat":1,"minecraft:stone_axe":1,"waystones:waystone":1,"minecraft:oak_sapling":4,"minecraft:mutton":2,"minecraft:coal":37,"minecraft:skeleton_skull":2,"minecraft:white_wool":2,"minecraft:cobblestone":36},"minecraft:killed":{"minecraft:pig":3,"minecraft:sheep":2},"minecraft:custom":{"lootr:looted_stat":14,"minecraft:interact_with_furnace":13,"minecraft:mob_kills":5,"minecraft:interact_with_crafting_table":7,"minecraft:open_barrel":3,"minecraft:time_since_death":10737,"minecraft:sleep_in_bed":1,"minecraft:climb_one_cm":517,"minecraft:time_since_rest":10779,"minecraft:waystone_activated":3,"minecraft:sprint_one_cm":106024,"minecraft:damage_taken":1247,"minecraft:walk_one_cm":101242,"minecraft:drop":8,"minecraft:damage_dealt":864,"minecraft:swim_one_cm":32954,"minecraft:talked_to_villager":1,"minecraft:fly_one_cm":141165,"minecraft:open_chest":5,"minecraft:crouch_one_cm":1192,"minecraft:play_time":45526,"minecraft:deaths":3,"minecraft:sneak_time":690,"minecraft:walk_under_water_one_cm":9255,"minecraft:boat_one_cm":119119,"minecraft:jump":610,"minecraft:walk_on_water_one_cm":14067,"minecraft:total_world_time":45526,"minecraft:fall_one_cm":19434},"minecraft:killed_by":{"cobblemon:pokemon":1,"minecraft:skeleton":1},"minecraft:used":{"minecraft:birch_planks":2,"minecraft:stone_pickaxe":35,"minecraft:chest":1,"minecraft:wooden_pickaxe":8,"minecraft:torch":4,"minecraft:dirt":3,"minecraft:crafting_table":3,"minecraft:oak_log":10,"minecraft:spruce_boat":1,"waystones:waystone":1,"minecraft:iron_pickaxe":25,"minecraft:stone_axe":44,"minecraft:cobblestone":12,"minecraft:sweet_berries":8,"minecraft:furnace":1,"minecraft:cooked_porkchop":4}},"DataVersion":3955}