{"stats":{"minecraft:killed":{"minecraft:sheep":2,"minecraft:pig":3},"minecraft:custom":{"minecraft:time_since_rest":14484,"minecraft:waystone_activated":3,"minecraft:interact_with_furnace":4,"minecraft:sprint_one_cm":64165,"minecraft:damage_taken":888,"minecraft:walk_one_cm":80072,"minecraft:mob_kills":5,"minecraft:drop":4,"minecraft:damage_dealt":864,"minecraft:interact_with_crafting_table":5,"minecraft:swim_one_cm":11042,"minecraft:fly_one_cm":65554,"minecraft:open_chest":5,"minecraft:crouch_one_cm":1192,"minecraft:play_time":22566,"minecraft:deaths":2,"minecraft:sneak_time":576,"minecraft:walk_under_water_one_cm":1373,"minecraft:jump":295,"minecraft:walk_on_water_one_cm":5392,"minecraft:time_since_death":14443,"minecraft:sleep_in_bed":1,"minecraft:climb_one_cm":243,"minecraft:total_world_time":22566,"minecraft:fall_one_cm":12498},"minecraft:mined":{"minecraft:iron_ore":3,"minecraft:sweet_berry_bush":7,"minecraft:jukebox":1,"minecraft:spruce_log":12,"minecraft:crafting_table":1,"minecraft:short_grass":3,"minecraft:oak_log":10,"minecraft:coal_ore":4,"minecraft:cobblestone":3,"minecraft:stone":12},"minecraft:killed_by":{"minecraft:skeleton":1},"minecraft:dropped":{"minecraft:jukebox":1,"minecraft:music_disc_otherside":1,"universal_graves:grave_compass":1,"minecraft:wooden_pickaxe":1},"minecraft:picked_up":{"minecraft:stick":2,"minecraft:raw_iron":3,"minecraft:crafting_table":1,"cobblenav:pokenav_item_gray":1,"minecraft:jukebox":1,"minecraft:sweet_berries":8,"minecraft:oak_log":10,"minecraft:birch_planks":2,"minecraft:porkchop":6,"sophisticatedbackpacks:iron_backpack":1,"minecraft:spruce_log":12,"waystones:waystone":1,"minecraft:music_disc_otherside":1,"minecraft:iron_ingot":48,"minecraft:oak_sapling":3,"minecraft:mutton":2,"minecraft:coal":4,"minecraft:white_wool":2,"minecraft:cobblestone":15},"minecraft:crafted":{"minecraft:iron_boots":1,"minecraft:iron_chestplate":1,"minecraft:crafting_table":1,"minecraft:spruce_planks":28,"minecraft:stick":8,"minecraft:wooden_pickaxe":1,"minecraft:iron_helmet":1,"minecraft:stone_pickaxe":1,"minecraft:chest":1,"minecraft:iron_leggings":1,"minecraft:stone_axe":1},"minecraft:used":{"waystones:waystone":1,"minecraft:birch_planks":2,"minecraft:stone_pickaxe":11,"minecraft:iron_pickaxe":5,"minecraft:chest":1,"minecraft:wooden_pickaxe":8,"minecraft:stone_axe":33,"minecraft:cobblestone":6,"minecraft:sweet_berries":8,"minecraft:crafting_table":1,"minecraft:cooked_porkchop":1}},"DataVersion":3955}