{"stats":{"minecraft:mined":{"cobblemon:healing_machine":1,"minecraft:comparator":1,"cobblemon:pc":1,"minecraft:crafter":1,"minecraft:crafting_table":2,"minecraft:torch":2,"minecraft:short_grass":8,"minecraft:grass_block":1,"cobblemon:monitor":1,"minecraft:cobblestone":3,"minecraft:spruce_leaves":2,"minecraft:lily_pad":1,"minecraft:kelp":1,"minecraft:wall_torch":1,"minecraft:skeleton_skull":2,"betterarcheology:fossiliferous_dirt":4,"minecraft:furnace":1,"minecraft:iron_ore":3,"minecraft:sweet_berry_bush":7,"minecraft:spruce_log":12,"minecraft:jukebox":1,"cobblemon:display_case":2,"minecraft:gold_block":1,"minecraft:coal_ore":23,"minecraft:oak_log":25,"minecraft:dirt":4,"minecraft:stone_bricks":2,"minecraft:stone":33,"minecraft:iron_block":1,"minecraft:oak_leaves":6},"minecraft:dropped":{"minecraft:stone_axe":1,"minecraft:music_disc_otherside":1,"minecraft:jukebox":1,"universal_graves:grave_compass":1,"minecraft:oak_sapling":4,"minecraft:wooden_pickaxe":1,"minecraft:spruce_sapling":3},"minecraft:crafted":{"minecraft:cooked_porkchop":6,"minecraft:crafting_table":2,"minecraft:spruce_planks":28,"minecraft:wooden_pickaxe":1,"minecraft:iron_helmet":1,"minecraft:furnace":1,"minecraft:stone_axe":1,"minecraft:cooked_mutton":2,"minecraft:air":0,"minecraft:iron_boots":1,"minecraft:iron_chestplate":1,"minecraft:stick":8,"minecraft:stone_pickaxe":1,"minecraft:chest":1,"minecraft:iron_leggings":1,"minecraft:spruce_boat":1,"minecraft:torch":12},"minecraft:picked_up":{"minecraft:crafting_table":2,"cobblemon:great_ball":3,"cobblenav:pokenav_item_gray":1,"minecraft:crafter":1,"minecraft:gold_block":1,"minecraft:birch_planks":2,"minecraft:oak_log":25,"cobblemon:upgrade":1,"minecraft:dirt":5,"minecraft:bone":4,"minecraft:stone_bricks":2,"minecraft:kelp":1,"cobblemon:display_case":2,"minecraft:wheat_seeds":1,"minecraft:comparator":1,"minecraft:music_disc_otherside":1,"minecraft:iron_ingot":49,"cobblemon:thunder_stone":1,"minecraft:furnace":1,"minecraft:raw_iron":3,"minecraft:stick":4,"cobblemon:pc":1,"minecraft:jukebox":1,"minecraft:sweet_berries":8,"minecraft:torch":5,"minecraft:porkchop":6,"minecraft:spruce_sapling":3,"sophisticatedbackpacks:iron_backpack":1,"minecraft:spruce_log":12,"cobblemon:monitor":1,"minecraft:spruce_boat":2,"minecraft:stone_axe":1,"waystones:waystone":1,"minecraft:iron_block":1,"minecraft:oak_sapling":4,"minecraft:mutton":6,"minecraft:coal":37,"minecraft:skeleton_skull":2,"minecraft:white_wool":5,"minecraft:cobblestone":36},"minecraft:killed":{"minecraft:pig":3,"minecraft:sheep":5},"minecraft:custom":{"lootr:looted_stat":32,"minecraft:interact_with_furnace":13,"minecraft:inspect_dropper":1,"minecraft:mob_kills":8,"minecraft:interact_with_crafting_table":7,"minecraft:open_barrel":3,"minecraft:time_since_death":22737,"minecraft:sleep_in_bed":1,"minecraft:climb_one_cm":2050,"minecraft:time_since_rest":22779,"minecraft:waystone_activated":3,"minecraft:sprint_one_cm":120997,"minecraft:damage_taken":1257,"minecraft:walk_one_cm":122970,"minecraft:drop":9,"minecraft:damage_dealt":1153,"minecraft:swim_one_cm":36514,"minecraft:talked_to_villager":1,"minecraft:fly_one_cm":165045,"minecraft:open_chest":5,"minecraft:crouch_one_cm":1300,"minecraft:play_time":57526,"minecraft:deaths":3,"minecraft:sneak_time":816,"minecraft:walk_under_water_one_cm":10120,"minecraft:boat_one_cm":159638,"minecraft:jump":732,"minecraft:walk_on_water_one_cm":18786,"minecraft:total_world_time":57526,"minecraft:fall_one_cm":20814},"minecraft:killed_by":{"cobblemon:pokemon":1,"minecraft:skeleton":1},"minecraft:used":{"minecraft:cooked_mutton":2,"minecraft:birch_planks":2,"minecraft:stone_pickaxe":40,"minecraft:chest":1,"minecraft:wooden_pickaxe":8,"minecraft:torch":6,"minecraft:dirt":3,"minecraft:crafting_table":3,"minecraft:oak_log":10,"minecraft:spruce_boat":2,"waystones:waystone":1,"paladins:golden_mace":9,"minecraft:iron_pickaxe":30,"minecraft:stone_axe":56,"minecraft:cobblestone":12,"minecraft:sweet_berries":8,"minecraft:furnace":1,"minecraft:cooked_porkchop":4}},"DataVersion":3955}