{"stats":{"minecraft:mined":{"minecraft:deepslate_diamond_ore":3,"minecraft:sweet_berry_bush":1,"minecraft:cobweb":2,"minecraft:spruce_leaves":12,"minecraft:deepslate":1},"minecraft:dropped":{"rogues:diamond_dagger":1},"minecraft:picked_up":{"cobblemon:great_ball":17,"minecraft:sweet_berries":2,"rogues:rogue_armor_head":1,"minecraft:spruce_sapling":5,"minecraft:carrot":1,"minecraft:lapis_lazuli":17,"minecraft:string":1,"cobblenav:pokenav_item_white":1,"minecraft:iron_axe":1,"minecraft:rotten_flesh":4,"minecraft:diamond":3,"minecraft:cobbled_deepslate":1,"minecraft:rabbit_hide":1,"rogues:rogue_armor_chest":1,"minecraft:iron_pickaxe":1,"minecraft:rabbit":1,"minecraft:oak_sapling":1,"rogues:diamond_dagger":2,"minecraft:iron_boots":1},"minecraft:killed":{"minecraft:zombie":3,"cobblemon:pokemon":1},"minecraft:custom":{"minecraft:time_since_rest":12638,"minecraft:interact_with_furnace":1,"minecraft:sprint_one_cm":52891,"minecraft:damage_taken":1128,"minecraft:walk_one_cm":50499,"minecraft:mob_kills":4,"minecraft:drop":1,"minecraft:damage_dealt":1548,"minecraft:fly_one_cm":55601,"minecraft:open_chest":6,"minecraft:crouch_one_cm":380,"minecraft:play_time":27459,"minecraft:deaths":4,"minecraft:sneak_time":158,"minecraft:walk_under_water_one_cm":2530,"minecraft:jump":274,"minecraft:leave_game":1,"minecraft:walk_on_water_one_cm":8834,"minecraft:time_since_death":12612,"minecraft:total_world_time":27459,"minecraft:climb_one_cm":12303,"minecraft:fall_one_cm":3184},"minecraft:killed_by":{"minecraft:skeleton":1,"minecraft:zombie":1},"minecraft:used":{"minecraft:iron_axe":2,"minecraft:iron_pickaxe":4,"minecraft:iron_boots":1,"rogues:rogue_armor_chest":1,"rogues:rogue_armor_head":1,"minecraft:sweet_berries":2,"rogues:diamond_dagger":32}},"DataVersion":3955}