{"stats":{"minecraft:mined":{"minecraft:sweet_berry_bush":1,"minecraft:spruce_leaves":11},"minecraft:picked_up":{"minecraft:iron_axe":1,"cobblenav:pokenav_item_white":1,"cobblemon:great_ball":8,"minecraft:rotten_flesh":2,"minecraft:sweet_berries":2,"rogues:rogue_armor_head":1,"minecraft:rabbit_hide":1,"rogues:rogue_armor_chest":1,"minecraft:spruce_sapling":5,"minecraft:iron_pickaxe":1,"minecraft:rabbit":1,"rogues:diamond_dagger":1,"minecraft:lapis_lazuli":17,"minecraft:iron_boots":1},"minecraft:killed":{"minecraft:zombie":2,"cobblemon:pokemon":1},"minecraft:custom":{"minecraft:time_since_rest":638,"minecraft:crouch_one_cm":380,"minecraft:damage_taken":1042,"minecraft:play_time":15459,"minecraft:sprint_one_cm":23324,"minecraft:walk_one_cm":28365,"minecraft:deaths":4,"minecraft:sneak_time":158,"minecraft:walk_under_water_one_cm":1759,"minecraft:mob_kills":3,"minecraft:jump":149,"minecraft:damage_dealt":1000,"minecraft:leave_game":1,"minecraft:time_since_death":612,"minecraft:walk_on_water_one_cm":6646,"minecraft:climb_one_cm":233,"minecraft:total_world_time":15459,"minecraft:fall_one_cm":1684,"minecraft:fly_one_cm":29523,"minecraft:open_chest":3},"minecraft:killed_by":{"minecraft:skeleton":1,"minecraft:zombie":1},"minecraft:used":{"rogues:rogue_armor_head":1,"rogues:rogue_armor_chest":1,"minecraft:sweet_berries":2,"minecraft:iron_axe":2,"rogues:diamond_dagger":18,"minecraft:iron_boots":1}},"DataVersion":3955}