{"stats":{"minecraft:killed":{"minecraft:spider":1,"minecraft:enderman":1},"minecraft:custom":{"minecraft:mob_kills":2,"minecraft:interact_with_crafting_table":5,"minecraft:time_since_death":320,"minecraft:climb_one_cm":34,"minecraft:time_since_rest":345,"minecraft:waystone_activated":1,"minecraft:sprint_one_cm":134971,"minecraft:damage_taken":1645,"minecraft:walk_one_cm":215346,"minecraft:damage_blocked_by_shield":483,"minecraft:drop":25,"minecraft:damage_dealt":856,"minecraft:swim_one_cm":2049,"minecraft:talked_to_villager":1,"minecraft:fly_one_cm":2012079,"minecraft:open_chest":34,"minecraft:crouch_one_cm":7587,"minecraft:play_time":167243,"minecraft:deaths":7,"minecraft:sneak_time":7000,"minecraft:walk_under_water_one_cm":1321,"minecraft:jump":584,"minecraft:walk_on_water_one_cm":9391,"minecraft:total_world_time":167243,"minecraft:fall_one_cm":11243},"minecraft:mined":{"minecraft:spruce_log":16},"minecraft:killed_by":{"minecraft:skeleton":4,"minecraft:creeper":1},"minecraft:dropped":{"sophisticatedbackpacks:iron_backpack":1,"minecraft:iron_ingot":48,"minecraft:lapis_lazuli":17,"farmersdelight:kelp_roll":1,"mega_showdown:ash_cap":1,"minecraft:rotten_flesh":1,"minecraft:iron_boots":1,"cobblenav:pokenav_item_purple":1,"minecraft:stick":1,"rogues:rogue_armor_chest":1,"cobblenav:pokenav_item_red":1,"rogues:rogue_armor_head":1,"cobblenav:pokenav_item_gray":1,"cobblenav:pokenav_item_black":1,"minecraft:purple_bed":1,"rogues:diamond_dagger":1,"minecraft:amethyst_shard":10,"minecraft:iron_axe":1,"cobblenav:pokenav_item_white":1,"cobblenav:pokenav_item_green":2,"cobblemon:great_ball":10,"minecraft:iron_pickaxe":1,"minecraft:spruce_sapling":3},"minecraft:picked_up":{"minecraft:wooden_axe":2,"minecraft:charcoal":2,"minecraft:lime_bed":2,"minecraft:wheat":39,"simpletms:tr_frustration":1,"minecraft:azure_bluet":5,"minecraft:dark_oak_button":3,"minecraft:andesite":2,"minecraft:salmon":17,"minecraft:tripwire_hook":1,"minecraft:birch_slab":6,"simpletms:tr_laserfocus":1,"minecraft:orange_carpet":6,"minecraft:leather":3,"minecraft:wooden_pickaxe":2,"minecraft:birch_planks":8,"minecraft:torchflower":3,"cobblemon:slate_ball":5,"minecraft:oak_log":1,"minecraft:chain":1,"simpletms:tr_return":1,"minecraft:heavy_weighted_pressure_plate":3,"minecraft:dirt":38,"minecraft:mangrove_slab":11,"minecraft:string":2,"minecraft:red_bed":2,"minecraft:lantern":39,"universal_graves:grave_compass":1,"minecraft:white_carpet":5,"minecraft:red_carpet":9,"minecraft:apple":1,"minecraft:stone_bricks":4,"minecraft:sea_pickle":12,"cobblenav:pokenav_item_green":1,"minecraft:wheat_seeds":96,"simpletms:tr_facade":1,"minecraft:spruce_planks":1,"minecraft:dark_oak_sign":5,"minecraft:written_book":1,"minecraft:lectern":1,"cobblemon:pep_up_flower":3,"minecraft:mangrove_planks":23,"minecraft:gray_bed":2,"minecraft:oak_planks":18,"minecraft:flowering_azalea":3,"minecraft:spruce_trapdoor":4,"minecraft:dark_oak_stairs":5,"paladins:wooden_great_hammer":1,"minecraft:stick":19,"rogues:flint_dagger":1,"minecraft:dark_oak_slab":2,"camerapture:picture":2,"minecraft:jungle_door":2,"minecraft:pumpkin":1,"minecraft:sweet_berries":5,"minecraft:big_dripleaf":1,"minecraft:torch":2,"minecraft:acacia_log":3,"minecraft:oak_pressure_plate":2,"minecraft:spruce_stairs":5,"minecraft:spruce_fence":3,"minecraft:amethyst_shard":2,"minecraft:spruce_sapling":4,"minecraft:grass_block":1,"minecraft:mangrove_sign":4,"minecraft:white_bed":1,"minecraft:spruce_log":17,"minecraft:deepslate_tile_stairs":1,"minecraft:green_carpet":2,"minecraft:barrel":1,"minecraft:spruce_door":1,"minecraft:blue_carpet":14,"minecraft:leather_helmet":1,"minecraft:dark_oak_planks":2,"minecraft:brown_carpet":6,"minecraft:green_banner":1,"pokeblocks:pokedoll_happiny":1,"minecraft:lime_banner":1,"minecraft:rotten_flesh":6,"minecraft:mangrove_stairs":13,"minecraft:yellow_carpet":2,"cobblenav:pokenav_item_red":1,"simpletms:tr_yawn":1,"simpletms:tr_captivate":1,"minecraft:lever":6,"minecraft:birch_sign":2,"minecraft:spruce_button":4,"plushified:cup_plushie":2,"minecraft:spruce_sign":4,"minecraft:bread":12,"minecraft:mangrove_door":3,"minecraft:spruce_hanging_sign":2,"minecraft:deepslate_brick_stairs":1,"minecraft:netherrack":1,"minecraft:dark_oak_fence":8,"cobblemon:verdant_ball":5,"minecraft:cod":12,"minecraft:cobblestone":7,"minecraft:mangrove_button":1,"minecraft:ender_pearl":1},"minecraft:crafted":{"minecraft:crafting_table":3,"minecraft:spruce_planks":64,"sophisticatedbackpacks:gold_backpack":1,"minecraft:bucket":1,"minecraft:iron_axe":1,"sophisticatedbackpacks:diamond_backpack":1,"minecraft:stick":8,"minecraft:iron_pickaxe":1,"minecraft:spruce_boat":2,"minecraft:gold_ingot":9,"sophisticatedbackpacks:iron_backpack":1},"minecraft:used":{"minecraft:water_bucket":1,"minecraft:flint_and_steel":5,"minecraft:birch_planks":352,"minecraft:birch_wood":3,"minecraft:chest":16,"minecraft:blue_bed":1,"minecraft:green_bed":1,"minecraft:torch":7,"minecraft:dirt":15,"minecraft:tnt":11,"minecraft:crafting_table":4,"minecraft:spruce_boat":1,"minecraft:birch_door":4,"waystones:waystone":1,"minecraft:bookshelf":54,"runes:crafting_altar":1,"minecraft:iron_axe":13,"minecraft:lantern":1,"minecraft:grass_block":626,"minecraft:pink_bed":1,"minecraft:diamond_sword":9,"minecraft:cooked_cod":4,"paladins:diamond_kite_shield":1,"minecraft:furnace":1,"minecraft:stripped_oak_wood":5,"minecraft:bucket":2,"minecraft:sea_pickle":1}},"DataVersion":3955}